-- position
INSERT INTO position (name_) VALUES ('Директор');
INSERT INTO position (name_) VALUES ('Генеральный директор');
INSERT INTO position (name_) VALUES ('Заместитель генерального директора');
INSERT INTO position (name_) VALUES ('Главный инженер');

-- customer
INSERT INTO customer (name_) VALUES ('Боржоми');
INSERT INTO customer (name_) VALUES ('МАРС');
INSERT INTO customer (name_) VALUES ('Старатели');

-- currentspecnum
INSERT INTO currentspecnum (custname, nextspecnum) VALUES ('Старатели', 1);
INSERT INTO currentspecnum (custname, nextspecnum) VALUES ('Боржоми', 89);
INSERT INTO currentspecnum (custname, nextspecnum) VALUES ('МАРС', 123);

-- subsidiary
INSERT INTO subsidiary (custname, subsname, contractnum, contractdate, signer, signerposition) VALUES ('Старатели', 'Старатели', '26052023-001', '26.05.2023', 'Ершов А.С', 3);
INSERT INTO subsidiary (custname, subsname, contractnum, contractdate, signer, signerposition) VALUES ('Боржоми', 'Чистая вода', '12082023-002', '12.08.2023', 'Петров П.Р.', 1);
INSERT INTO subsidiary (custname, subsname, contractnum, contractdate, signer, signerposition) VALUES ('Боржоми', 'Святой источник', '12082023-002', '12.08.2023', 'Сидоров С.И.', 4);
INSERT INTO subsidiary (custname, subsname, contractnum, contractdate, signer, signerposition) VALUES ('Боржоми', 'Эдельвейс', '12082023-002', '12.08.2023', 'Соловьев И.В.', 2);
INSERT INTO subsidiary (custname, subsname, contractnum, contractdate, signer, signerposition) VALUES ('МАРС', 'Марс-Чердаклы', '12022012-001', '12.02.2012', 'Иванов И.И.', 2);
INSERT INTO subsidiary (custname, subsname, contractnum, contractdate, signer, signerposition) VALUES ('МАРС', 'Марс-Мирный', '12022012-001', '12.02.2012', 'Иванов И.И.', 2);
INSERT INTO subsidiary (custname, subsname, contractnum, contractdate, signer, signerposition) VALUES ('МАРС', 'Марс-Лужники', '12022012-001', '12.02.2012', 'Иванов И.И.', 2);
INSERT INTO subsidiary (custname, subsname, contractnum, contractdate, signer, signerposition) VALUES ('МАРС', 'Марс-Ситенка', '12022012-001', '12.02.2012', 'Иванов И.И.', 2);

-- spec
INSERT INTO spec (ordernum, nextspecnum, subsnam) VALUES ('102900', (SELECT nextspecnum FROM currentspecnum WHERE custname = 'Старатели'), 'Старатели');
UPDATE currentspecnum SET nextspecnum = (SELECT nextspecnum FROM currentspecnum WHERE custname = 'Старатели')+1 WHERE custname = 'Старатели';
INSERT INTO spec (ordernum, nextspecnum, subsnam) VALUES ('102901', (SELECT nextspecnum FROM currentspecnum WHERE custname = 'МАРС'), 'Марс-Чердаклы');
UPDATE currentspecnum SET nextspecnum = (SELECT nextspecnum FROM currentspecnum WHERE custname = 'МАРС')+1 WHERE custname = 'МАРС';
INSERT INTO spec (ordernum, nextspecnum, subsnam) VALUES ('102902', (SELECT nextspecnum FROM currentspecnum WHERE custname = 'МАРС'), 'Марс-Ситенка');
UPDATE currentspecnum SET nextspecnum = (SELECT nextspecnum FROM currentspecnum WHERE custname = 'МАРС')+1 WHERE custname = 'МАРС';

-- productdata
INSERT INTO productdata (ordernum, article, descr, units, amount, price, leadtime) VALUES ('102900', '134806016124', 'Клеенаносящий валик', 'шт', 1, 12237.01, 12);
INSERT INTO productdata (ordernum, article, descr, units, amount, price, leadtime) VALUES ('102900', '301104201649', 'Радиальный шарикоподшипник', 'шт', 1, 377.49, 12);
INSERT INTO productdata (ordernum, article, descr, units, amount, price, leadtime) VALUES ('102900', '301134230120', 'Подкладная шайба', 'шт', 1, 0.20, 12);
INSERT INTO productdata (ordernum, article, descr, units, amount, price, leadtime) VALUES ('102900', '301132202080', 'Винт с цилиндрической головкой', 'шт', 2, 1.22, 12);
INSERT INTO productdata (ordernum, article, descr, units, amount, price, leadtime) VALUES ('102900', '134806016852', 'Рычаг', 'шт', 1, 294.69, 12);

INSERT INTO productdata (ordernum, article, descr, units, amount, price, leadtime) VALUES ('102901', '301104201669', 'Радиальный шарикоподшипник', 'шт', 1, 492.27, 12);
INSERT INTO productdata (ordernum, article, descr, units, amount, price, leadtime) VALUES ('102901', '134806018871', 'Пластина скребка', 'шт', 2, 556.79, 12);
INSERT INTO productdata (ordernum, article, descr, units, amount, price, leadtime) VALUES ('102901', '134806026541', 'Скребок для клея', 'шт', 1, 28.56, 12);
INSERT INTO productdata (ordernum, article, descr, units, amount, price, leadtime) VALUES ('102901', '134806026591', 'Пружинная пластина', 'шт', 1, 209.07, 12);
INSERT INTO productdata (ordernum, article, descr, units, amount, price, leadtime) VALUES ('102901', '134806024462', 'Подводка вакуума', 'шт', 1, 2019.08, 12);
INSERT INTO productdata (ordernum, article, descr, units, amount, price, leadtime) VALUES ('102901', '134806020392', 'Приводной ролик', 'шт', 1, 2409.09, 12);
INSERT INTO productdata (ordernum, article, descr, units, amount, price, leadtime) VALUES ('102901', '134806026211', 'Контактное кольцо', 'шт', 1, 2049.10, 12);
INSERT INTO productdata (ordernum, article, descr, units, amount, price, leadtime) VALUES ('102901', '134806015551', 'Уплотнительное кольцо', 'шт', 1, 2059.11, 12);
INSERT INTO productdata (ordernum, article, descr, units, amount, price, leadtime) VALUES ('102901', '301104231030', 'Подшипник шпинделя', 'шт', 4, 510.37, 12);
INSERT INTO productdata (ordernum, article, descr, units, amount, price, leadtime) VALUES ('102901', '0027000575', 'Фильтрующий вкладыш', 'шт', 1, 19.94, 7);
INSERT INTO productdata (ordernum, article, descr, units, amount, price, leadtime) VALUES ('102901', '0900874152', 'Комплект расходных материалов', 'шт', 1, 2563.79, 17);
INSERT INTO productdata (ordernum, article, descr, units, amount, price, leadtime) VALUES ('102901', '0900071774', 'Уплотнительное кольцо круглого сечения', 'шт', 1, 1.69, 18);
INSERT INTO productdata (ordernum, article, descr, units, amount, price, leadtime) VALUES ('102901', '0161701405', 'Кольцо для уплотнения ', 'шт', 1, 10.27, 11);
INSERT INTO productdata (ordernum, article, descr, units, amount, price, leadtime) VALUES ('102901', '0162200153', 'Уплотнительное кольцо круглого сечения', 'шт', 1, 4.11, 15);
INSERT INTO productdata (ordernum, article, descr, units, amount, price, leadtime) VALUES ('102901', '0162202422', 'Уплотнительное кольцо круглого сечения', 'шт', 1, 0.91, 7);
INSERT INTO productdata (ordernum, article, descr, units, amount, price, leadtime) VALUES ('102901', '0903466028', 'Уплотнительное кольцо круглого сечения', 'шт', 1, 6.6, 16);
INSERT INTO productdata (ordernum, article, descr, units, amount, price, leadtime) VALUES ('102901', '0169900102', 'Профильное уплотнение ', 'шт', 8, 35.89, 11);
INSERT INTO productdata (ordernum, article, descr, units, amount, price, leadtime) VALUES ('102901', '0951622002', 'Уплотнительное кольцо круглого сечения', 'шт', 1, 5.38, 12);
INSERT INTO productdata (ordernum, article, descr, units, amount, price, leadtime) VALUES ('102901', '0902747651', 'Уплотнительное кольцо круглого сечения', 'шт', 2, 12.56, 8);
INSERT INTO productdata (ordernum, article, descr, units, amount, price, leadtime) VALUES ('102901', '0950237004', 'Уплoтнение', 'шт', 2, 27.52, 10);
INSERT INTO productdata (ordernum, article, descr, units, amount, price, leadtime) VALUES ('102901', '0902206573', 'Уплотнительное кольцо', 'шт', 4, 21.36, 10);
INSERT INTO productdata (ordernum, article, descr, units, amount, price, leadtime) VALUES ('102901', '0902206573', 'Уплотнительное кольцо', 'шт', 2, 21.36, 10);
INSERT INTO productdata (ordernum, article, descr, units, amount, price, leadtime) VALUES ('102901', '0168600070', 'Уплотнительное кольцо', 'шт', 3, 1.71, 12);
INSERT INTO productdata (ordernum, article, descr, units, amount, price, leadtime) VALUES ('102901', '0162200179', 'Уплотнительное кольцо круглого сечения', 'шт', 2, 0.58, 14);
INSERT INTO productdata (ordernum, article, descr, units, amount, price, leadtime) VALUES ('102901', '0162201862', 'Уплотнительное кольцо круглого сечения', 'шт', 2, 11.26, 13);
INSERT INTO productdata (ordernum, article, descr, units, amount, price, leadtime) VALUES ('102901', '0950237004', 'Уплoтнение', 'шт', 2, 27.52, 10);
INSERT INTO productdata (ordernum, article, descr, units, amount, price, leadtime) VALUES ('102901', '0903629208', 'Фильтровальный картридж', 'шт', 1, 389.35, 13);
INSERT INTO productdata (ordernum, article, descr, units, amount, price, leadtime) VALUES ('102901', '0906339668', 'Комплект уплотнений', 'шт', 1, 68.89, 15);
INSERT INTO productdata (ordernum, article, descr, units, amount, price, leadtime) VALUES ('102901', '0906339668', 'Комплект уплотнений', 'шт', 1, 68.89, 14);
INSERT INTO productdata (ordernum, article, descr, units, amount, price, leadtime) VALUES ('102901', '0900027513', 'Уплотнительное кольцо круглого сечения', 'шт', 5, 1.9, 6);
INSERT INTO productdata (ordernum, article, descr, units, amount, price, leadtime) VALUES ('102901', '0901322956', 'Уплотнительное кольцо круглого сечения', 'шт', 2, 1.09, 16);
INSERT INTO productdata (ordernum, article, descr, units, amount, price, leadtime) VALUES ('102901', '0905701806', 'Мембрана', 'шт', 1, 66.61, 18);
INSERT INTO productdata (ordernum, article, descr, units, amount, price, leadtime) VALUES ('102901', '0905701806', 'Мембрана', 'шт', 1, 66.61, 16);
INSERT INTO productdata (ordernum, article, descr, units, amount, price, leadtime) VALUES ('102901', '0905700986', 'Мембрана', 'шт', 1, 128.09, 17);
INSERT INTO productdata (ordernum, article, descr, units, amount, price, leadtime) VALUES ('102901', '0905700986', 'Мембрана', 'шт', 1, 128.09, 15);
INSERT INTO productdata (ordernum, article, descr, units, amount, price, leadtime) VALUES ('102901', '0905700986', 'Мембрана', 'шт', 1, 128.09, 6);
INSERT INTO productdata (ordernum, article, descr, units, amount, price, leadtime) VALUES ('102901', '0161700435', 'Кольцо для уплотнения вала ', 'шт', 3, 3.17, 14);
INSERT INTO productdata (ordernum, article, descr, units, amount, price, leadtime) VALUES ('102901', '0161700655', 'Кольцо для уплотнения вала ', 'шт', 3, 2.99, 10);
INSERT INTO productdata (ordernum, article, descr, units, amount, price, leadtime) VALUES ('102901', '0168338003', 'Кoльцo v-oбpазного сeчения ', 'шт', 3, 4.09, 13);
INSERT INTO productdata (ordernum, article, descr, units, amount, price, leadtime) VALUES ('102901', '0400304391', 'Радиальный шарикоподшипник ', 'шт', 3, 4.05, 11);
INSERT INTO productdata (ordernum, article, descr, units, amount, price, leadtime) VALUES ('102901', '0400308201', 'Радиальный шарикоподшипник ', 'шт', 3, 13.65, 12);
INSERT INTO productdata (ordernum, article, descr, units, amount, price, leadtime) VALUES ('102901', '0681728061', 'Стoпopнoe кoльцo ', 'шт', 3, 0.18, 12);
INSERT INTO productdata (ordernum, article, descr, units, amount, price, leadtime) VALUES ('102901', '0681758092', 'Стопорное кольцо ', 'шт', 3, 6.89, 15);
INSERT INTO productdata (ordernum, article, descr, units, amount, price, leadtime) VALUES ('102901', '0681950081', 'Стoпopнoe кoльцo ', 'шт', 6, 0.78, 13);
INSERT INTO productdata (ordernum, article, descr, units, amount, price, leadtime) VALUES ('102901', '0900060280', 'Уплотнительное кольцо круглого сечения', 'шт', 3, 2.16, 8);
INSERT INTO productdata (ordernum, article, descr, units, amount, price, leadtime) VALUES ('102901', '0900828712', 'Крепежный комплект', 'шт', 3, 46.22, 16);
INSERT INTO productdata (ordernum, article, descr, units, amount, price, leadtime) VALUES ('102901', '0901836195', 'Уплотнительная шайба ', 'шт', 3, 25.52, 18);
INSERT INTO productdata (ordernum, article, descr, units, amount, price, leadtime) VALUES ('102901', '0902295752', 'Кольцо для уплотнения вала ', 'шт', 3, 162.18, 15);
INSERT INTO productdata (ordernum, article, descr, units, amount, price, leadtime) VALUES ('102901', '0902388369', 'Уплотнительное кольцо круглого сечения', 'шт', 3, 69.85, 8);
INSERT INTO productdata (ordernum, article, descr, units, amount, price, leadtime) VALUES ('102901', '0900060260', 'Уплотнительное кольцо круглого сечения', 'шт', 3, 4.39, 18);
INSERT INTO productdata (ordernum, article, descr, units, amount, price, leadtime) VALUES ('102901', '0903919939', 'Шариковый подшипник', 'шт', 3, 139.61, 16);
INSERT INTO productdata (ordernum, article, descr, units, amount, price, leadtime) VALUES ('102901', '0902295752', 'Кольцо для уплотнения вала ', 'шт', 3, 162.18, 11);
INSERT INTO productdata (ordernum, article, descr, units, amount, price, leadtime) VALUES ('102901', '0902207569', 'Уплотнительное кольцо круглого сечения', 'шт', 5, 3.1, 10);
INSERT INTO productdata (ordernum, article, descr, units, amount, price, leadtime) VALUES ('102901', '0162200119', 'Уплотнительное кольцо круглого сечения', 'шт', 44, 2.01, 12);
INSERT INTO productdata (ordernum, article, descr, units, amount, price, leadtime) VALUES ('102901', '0406021002', 'Шарик ', 'шт', 572, 2.37, 9);
INSERT INTO productdata (ordernum, article, descr, units, amount, price, leadtime) VALUES ('102901', '0900665926', 'Уплотнительное кольцо круглого сечения', 'шт', 22, 4.55, 7);
INSERT INTO productdata (ordernum, article, descr, units, amount, price, leadtime) VALUES ('102901', '0903096466', 'Уплотнительное кольцо круглого сечения', 'шт', 44, 2.34, 6);
INSERT INTO productdata (ordernum, article, descr, units, amount, price, leadtime) VALUES ('102901', '0903096467', 'Уплотнительное кольцо круглого сечения', 'шт', 44, 3.38, 16);
INSERT INTO productdata (ordernum, article, descr, units, amount, price, leadtime) VALUES ('102901', '0900060272', 'Уплотнительное кольцо круглого сечения', 'шт', 8, 1.2, 16);
INSERT INTO productdata (ordernum, article, descr, units, amount, price, leadtime) VALUES ('102901', '0900486792', 'Уплотнительное кольцо круглого сечения ', 'шт', 1, 1.12, 13);
INSERT INTO productdata (ordernum, article, descr, units, amount, price, leadtime) VALUES ('102901', '0900486792', 'Уплотнительное кольцо круглого сечения ', 'шт', 8, 1.12, 9);
INSERT INTO productdata (ordernum, article, descr, units, amount, price, leadtime) VALUES ('102901', '0027005470', 'Обратный клапан', 'шт', 4, 65.05, 18);
INSERT INTO productdata (ordernum, article, descr, units, amount, price, leadtime) VALUES ('102901', '0900027511', 'Уплотнительное кольцо круглого сечения', 'шт', 2, 0.45, 18);
INSERT INTO productdata (ordernum, article, descr, units, amount, price, leadtime) VALUES ('102901', '0900047033', 'Уплотнительное кольцо круглого сечения', 'шт', 2, 0.68, 6);
INSERT INTO productdata (ordernum, article, descr, units, amount, price, leadtime) VALUES ('102901', '0901427812', 'Уплотнительное кольцо круглого сечения', 'шт', 2, 11.08, 14);
INSERT INTO productdata (ordernum, article, descr, units, amount, price, leadtime) VALUES ('102901', '0905450040', 'Уплотнение ', 'шт', 1, 13.71, 12);
INSERT INTO productdata (ordernum, article, descr, units, amount, price, leadtime) VALUES ('102901', '0903383887', 'Уплотнительное кольцо круглого сечения ', 'шт', 2, 2.73, 14);
INSERT INTO productdata (ordernum, article, descr, units, amount, price, leadtime) VALUES ('102901', '0903383887', 'Уплотнительное кольцо круглого сечения ', 'шт', 4, 2.73, 13);
INSERT INTO productdata (ordernum, article, descr, units, amount, price, leadtime) VALUES ('102901', '0903383887', 'Уплотнительное кольцо круглого сечения ', 'шт', 2, 2.73, 13);
INSERT INTO productdata (ordernum, article, descr, units, amount, price, leadtime) VALUES ('102901', '0129900080', 'Вкладыш подшипника скольжения ', 'шт', 88, 5.98, 15);
INSERT INTO productdata (ordernum, article, descr, units, amount, price, leadtime) VALUES ('102901', '0904355985', 'Стакан', 'шт', 88, 62.79, 7);
INSERT INTO productdata (ordernum, article, descr, units, amount, price, leadtime) VALUES ('102901', '0904363114', 'Подшипник скольжения ', 'шт', 176, 4.53, 12);
INSERT INTO productdata (ordernum, article, descr, units, amount, price, leadtime) VALUES ('102901', '0904469449', 'Bинт', 'шт', 176, 51.7, 7);
INSERT INTO productdata (ordernum, article, descr, units, amount, price, leadtime) VALUES ('102901', '0902607437', 'Уплотнительное кольцо круглого сечения', 'шт', 22, 1.01, 9);
INSERT INTO productdata (ordernum, article, descr, units, amount, price, leadtime) VALUES ('102901', '0162200121', 'Уплотнительное кольцо круглого сечения', 'шт', 2, 1.49, 9);
INSERT INTO productdata (ordernum, article, descr, units, amount, price, leadtime) VALUES ('102901', '0900048054', 'Уплотнительное кольцо круглого сечения', 'шт', 2, 1.2, 14);
INSERT INTO productdata (ordernum, article, descr, units, amount, price, leadtime) VALUES ('102901', '0900060284', 'Уплотнительное кольцо круглого сечения', 'шт', 2, 1.12, 8);
INSERT INTO productdata (ordernum, article, descr, units, amount, price, leadtime) VALUES ('102901', '0900081831', 'Уплотнительное кольцо круглого сечения', 'шт', 2, 1.2, 13);
INSERT INTO productdata (ordernum, article, descr, units, amount, price, leadtime) VALUES ('102901', '0901844246', 'Уплотнительная шайба ', 'шт', 2, 28.94, 6);
INSERT INTO productdata (ordernum, article, descr, units, amount, price, leadtime) VALUES ('102901', '0903383887', 'Уплотнительное кольцо круглого сечения ', 'шт', 2, 2.73, 7);
INSERT INTO productdata (ordernum, article, descr, units, amount, price, leadtime) VALUES ('102901', '0162200121', 'Уплотнительное кольцо круглого сечения', 'шт', 2, 1.49, 7);
INSERT INTO productdata (ordernum, article, descr, units, amount, price, leadtime) VALUES ('102901', '0162200150', 'Уплотнительное кольцо круглого сечения', 'шт', 3, 1.32, 12);
INSERT INTO productdata (ordernum, article, descr, units, amount, price, leadtime) VALUES ('102901', '0900048054', 'Уплотнительное кольцо круглого сечения', 'шт', 2, 1.2, 12);
INSERT INTO productdata (ordernum, article, descr, units, amount, price, leadtime) VALUES ('102901', '0900060284', 'Уплотнительное кольцо круглого сечения', 'шт', 2, 1.12, 17);
INSERT INTO productdata (ordernum, article, descr, units, amount, price, leadtime) VALUES ('102901', '0900081831', 'Уплотнительное кольцо круглого сечения', 'шт', 2, 1.2, 12);
INSERT INTO productdata (ordernum, article, descr, units, amount, price, leadtime) VALUES ('102901', '0903383887', 'Уплотнительное кольцо круглого сечения ', 'шт', 2, 2.73, 14);
INSERT INTO productdata (ordernum, article, descr, units, amount, price, leadtime) VALUES ('102901', '0162200150', 'Уплотнительное кольцо круглого сечения', 'шт', 6, 1.32, 9);
INSERT INTO productdata (ordernum, article, descr, units, amount, price, leadtime) VALUES ('102901', '0900027506', 'Уплотнительное кольцо круглого сечения', 'шт', 3, 2.31, 10);
INSERT INTO productdata (ordernum, article, descr, units, amount, price, leadtime) VALUES ('102901', '0901844246', 'Уплотнительная шайба ', 'шт', 18, 28.94, 17);
INSERT INTO productdata (ordernum, article, descr, units, amount, price, leadtime) VALUES ('102901', '0951622029', 'Уплотнительное кольцо круглого сечения', 'шт', 6, 5.15, 14);
INSERT INTO productdata (ordernum, article, descr, units, amount, price, leadtime) VALUES ('102901', '0162200121', 'Уплотнительное кольцо круглого сечения', 'шт', 2, 1.49, 9);
INSERT INTO productdata (ordernum, article, descr, units, amount, price, leadtime) VALUES ('102901', '0162200150', 'Уплотнительное кольцо круглого сечения', 'шт', 1, 1.32, 12);
INSERT INTO productdata (ordernum, article, descr, units, amount, price, leadtime) VALUES ('102901', '0900048054', 'Уплотнительное кольцо круглого сечения', 'шт', 2, 1.2, 11);
INSERT INTO productdata (ordernum, article, descr, units, amount, price, leadtime) VALUES ('102901', '0900060276', 'Уплотнительное кольцо круглого сечения', 'шт', 1, 1.75, 17);
INSERT INTO productdata (ordernum, article, descr, units, amount, price, leadtime) VALUES ('102901', '0900060284', 'Уплотнительное кольцо круглого сечения', 'шт', 1, 1.12, 12);
INSERT INTO productdata (ordernum, article, descr, units, amount, price, leadtime) VALUES ('102901', '0900081831', 'Уплотнительное кольцо круглого сечения', 'шт', 1, 1.2, 7);
INSERT INTO productdata (ordernum, article, descr, units, amount, price, leadtime) VALUES ('102901', '0162200126', 'Уплотнительное кольцо круглого сечения', 'шт', 112, 1.2, 6);
INSERT INTO productdata (ordernum, article, descr, units, amount, price, leadtime) VALUES ('102901', '0162200150', 'Уплотнительное кольцо круглого сечения', 'шт', 2, 1.32, 13);
INSERT INTO productdata (ordernum, article, descr, units, amount, price, leadtime) VALUES ('102901', '0900027514', 'Уплотнительное кольцо круглого сечения', 'шт', 4, 1.27, 16);
INSERT INTO productdata (ordernum, article, descr, units, amount, price, leadtime) VALUES ('102901', '0900060286', 'Уплотнительное кольцо круглого сечения', 'шт', 4, 8.22, 16);
INSERT INTO productdata (ordernum, article, descr, units, amount, price, leadtime) VALUES ('102901', '0900071774', 'Уплотнительное кольцо круглого сечения', 'шт', 4, 1.69, 9);
INSERT INTO productdata (ordernum, article, descr, units, amount, price, leadtime) VALUES ('102901', '0900105502', 'Уплотнительное кольцо круглого сечения', 'шт', 3, 26.08, 6);
INSERT INTO productdata (ordernum, article, descr, units, amount, price, leadtime) VALUES ('102901', '0900138961', 'Вкладыш подшипника скольжения ', 'шт', 2, 4.74, 6);
INSERT INTO productdata (ordernum, article, descr, units, amount, price, leadtime) VALUES ('102901', '0900462039', 'Подшипник скольжения фиксаторного типа', 'шт', 4, 3.8, 13);
INSERT INTO productdata (ordernum, article, descr, units, amount, price, leadtime) VALUES ('102901', '0900645813', 'Вкладыш подшипника скольжения ', 'шт', 10, 2.26, 9);
INSERT INTO productdata (ordernum, article, descr, units, amount, price, leadtime) VALUES ('102901', '0901990860', 'Подшипник скольжения фиксаторного типа', 'шт', 8, 1.69, 7);
INSERT INTO productdata (ordernum, article, descr, units, amount, price, leadtime) VALUES ('102901', '0902736683', 'Oборотный ролик', 'шт', 1, 402.93, 7);
INSERT INTO productdata (ordernum, article, descr, units, amount, price, leadtime) VALUES ('102901', '0902736960', 'Pолик', 'шт', 4, 251.07, 10);
INSERT INTO productdata (ordernum, article, descr, units, amount, price, leadtime) VALUES ('102901', '0951622018', 'Уплотнительное кольцо круглого сечения', 'шт', 12, 3.46, 16);
INSERT INTO productdata (ordernum, article, descr, units, amount, price, leadtime) VALUES ('102901', '0400304392', 'Радиальный шарикоподшипник ', 'шт', 1, 16.57, 15);
INSERT INTO productdata (ordernum, article, descr, units, amount, price, leadtime) VALUES ('102901', '0461010502', 'Шпонка ', 'шт', 1, 3.18, 17);
INSERT INTO productdata (ordernum, article, descr, units, amount, price, leadtime) VALUES ('102901', '0623939122', 'Установочный винт ', 'шт', 1, 0.18, 9);
INSERT INTO productdata (ordernum, article, descr, units, amount, price, leadtime) VALUES ('102901', '0681728062', 'Стoпopнoe кoльцo ', 'шт', 1, 1.46, 7);
INSERT INTO productdata (ordernum, article, descr, units, amount, price, leadtime) VALUES ('102901', '0900060126', 'Уплотнительное кольцо круглого сечения', 'шт', 1, 2.97, 7);
INSERT INTO productdata (ordernum, article, descr, units, amount, price, leadtime) VALUES ('102901', '0900060280', 'Уплотнительное кольцо круглого сечения', 'шт', 2, 2.16, 12);
INSERT INTO productdata (ordernum, article, descr, units, amount, price, leadtime) VALUES ('102901', '0900138961', 'Вкладыш подшипника скольжения ', 'шт', 2, 4.74, 10);
INSERT INTO productdata (ordernum, article, descr, units, amount, price, leadtime) VALUES ('102901', '0901844246', 'Уплотнительная шайба ', 'шт', 2, 28.94, 7);
INSERT INTO productdata (ordernum, article, descr, units, amount, price, leadtime) VALUES ('102901', '0901936874', 'Уплотнительное кольцо круглого сечения', 'шт', 1, 61.48, 17);
INSERT INTO productdata (ordernum, article, descr, units, amount, price, leadtime) VALUES ('102901', '0902295752', 'Кольцо для уплотнения вала ', 'шт', 1, 162.18, 11);
INSERT INTO productdata (ordernum, article, descr, units, amount, price, leadtime) VALUES ('102901', '1800872071', 'Цепное колесо', 'шт', 1, 72.79, 13);
INSERT INTO productdata (ordernum, article, descr, units, amount, price, leadtime) VALUES ('102901', '0320900223', 'Роликовaя цепь', 'шт', 4, 102.36, 16);
INSERT INTO productdata (ordernum, article, descr, units, amount, price, leadtime) VALUES ('102901', '0900617777', 'Пpужинa cжaтия', 'шт', 4, 17.12, 9);
INSERT INTO productdata (ordernum, article, descr, units, amount, price, leadtime) VALUES ('102901', '0903160035', 'Натяжное устройство цепи', 'шт', 2, 140.76, 18);
INSERT INTO productdata (ordernum, article, descr, units, amount, price, leadtime) VALUES ('102901', '0900617777', 'Пpужинa cжaтия', 'шт', 8, 17.12, 10);
INSERT INTO productdata (ordernum, article, descr, units, amount, price, leadtime) VALUES ('102901', '0903160035', 'Натяжное устройство цепи', 'шт', 4, 140.76, 11);
INSERT INTO productdata (ordernum, article, descr, units, amount, price, leadtime) VALUES ('102901', '0400304392', 'Радиальный шарикоподшипник  ', 'шт', 2, 16.57, 9);
INSERT INTO productdata (ordernum, article, descr, units, amount, price, leadtime) VALUES ('102901', '0461010502', 'Шпонка', 'шт', 1, 3.18, 14);
INSERT INTO productdata (ordernum, article, descr, units, amount, price, leadtime) VALUES ('102901', '0681728062', 'Стoпopнoe кoльцo ', 'шт', 2, 1.46, 8);
INSERT INTO productdata (ordernum, article, descr, units, amount, price, leadtime) VALUES ('102901', '0900060126', 'Уплотнительное кольцо круглого сечения', 'шт', 2, 2.97, 17);
INSERT INTO productdata (ordernum, article, descr, units, amount, price, leadtime) VALUES ('102901', '0900060280', 'Уплотнительное кольцо круглого сечения', 'шт', 4, 2.16, 7);
INSERT INTO productdata (ordernum, article, descr, units, amount, price, leadtime) VALUES ('102901', '0900138961', 'Вкладыш подшипника скольжения ', 'шт', 4, 4.74, 15);
INSERT INTO productdata (ordernum, article, descr, units, amount, price, leadtime) VALUES ('102901', '0901844246', 'Уплотнительная шайба ', 'шт', 4, 28.94, 11);
INSERT INTO productdata (ordernum, article, descr, units, amount, price, leadtime) VALUES ('102901', '0901936874', 'Уплотнительное кольцо круглого сечения', 'шт', 2, 61.48, 11);
INSERT INTO productdata (ordernum, article, descr, units, amount, price, leadtime) VALUES ('102901', '0902295752', 'Кольцо для уплотнения вала ', 'шт', 2, 162.18, 13);
INSERT INTO productdata (ordernum, article, descr, units, amount, price, leadtime) VALUES ('102901', '1800872071', 'Цeпное колесо', 'шт', 3, 72.79, 10);
INSERT INTO productdata (ordernum, article, descr, units, amount, price, leadtime) VALUES ('102901', '0900058843', 'Уплотнительное кольцо круглого сечения ', 'шт', 1, 0.71, 15);
INSERT INTO productdata (ordernum, article, descr, units, amount, price, leadtime) VALUES ('102901', '0905386061', 'Роликовый поручень', 'шт', 3, 48.48, 9);
INSERT INTO productdata (ordernum, article, descr, units, amount, price, leadtime) VALUES ('102901', '0129905128', 'Вкладыш подшипника скольжения ', 'шт', 2, 1.88, 10);
INSERT INTO productdata (ordernum, article, descr, units, amount, price, leadtime) VALUES ('102901', '0900060276', 'Уплотнительное кольцо круглого сечения', 'шт', 2, 1.75, 8);
INSERT INTO productdata (ordernum, article, descr, units, amount, price, leadtime) VALUES ('102901', '0900138961', 'Вкладыш подшипника скольжения ', 'шт', 2, 4.74, 14);
INSERT INTO productdata (ordernum, article, descr, units, amount, price, leadtime) VALUES ('102901', '0902736960', 'Pолик', 'шт', 3, 251.07, 7);
INSERT INTO productdata (ordernum, article, descr, units, amount, price, leadtime) VALUES ('102901', '0904946713', 'Цепь', 'шт', 10, 47.13, 11);
INSERT INTO productdata (ordernum, article, descr, units, amount, price, leadtime) VALUES ('102901', '0905766821', 'Цепное колесо', 'шт', 1, 90.97, 9);
INSERT INTO productdata (ordernum, article, descr, units, amount, price, leadtime) VALUES ('102901', '0951622018', 'Уплотнительное кольцо круглого сечения', 'шт', 9, 3.46, 17);

INSERT INTO productdata (ordernum, article, descr, units, amount, price, leadtime) VALUES ('102902', '0901240046', 'Уплотнительное кольцо круглого сечения', 'шт', 1, 2.5, 13);
INSERT INTO productdata (ordernum, article, descr, units, amount, price, leadtime) VALUES ('102902', '0901076003', 'Уплотнительное кольцо круглого сечения', 'шт', 2, 0.91, 11);
INSERT INTO productdata (ordernum, article, descr, units, amount, price, leadtime) VALUES ('102902', '0901595702', 'Уплотнительное кольцо круглого сечения', 'шт', 15, 4.78, 9);
INSERT INTO productdata (ordernum, article, descr, units, amount, price, leadtime) VALUES ('102902', '0901702194', 'Торцевое уплотнение ', 'шт', 2, 59.61, 14);
INSERT INTO productdata (ordernum, article, descr, units, amount, price, leadtime) VALUES ('102902', '0902617186', 'Уплотнительное кольцо круглого сечения', 'шт', 2, 44.99, 7);
INSERT INTO productdata (ordernum, article, descr, units, amount, price, leadtime) VALUES ('102902', '0902869929', 'Уплотнительное кольцо круглого сечения', 'шт', 15, 1.01, 8);
INSERT INTO productdata (ordernum, article, descr, units, amount, price, leadtime) VALUES ('102902', '0903478592', 'Манжетное уплотнение, симметричное ', 'шт', 15, 26, 7);
INSERT INTO productdata (ordernum, article, descr, units, amount, price, leadtime) VALUES ('102902', '0901774602', 'Уплотнительное кольцо круглого сечения', 'шт', 8, 3.69, 10);
INSERT INTO productdata (ordernum, article, descr, units, amount, price, leadtime) VALUES ('102902', '0901844322', 'Уплотнительная шайба ', 'шт', 8, 24.05, 14);
INSERT INTO productdata (ordernum, article, descr, units, amount, price, leadtime) VALUES ('102902', '0902702723', 'Уплотнительное кольцо круглого сечения', 'шт', 2, 30.32, 16);
INSERT INTO productdata (ordernum, article, descr, units, amount, price, leadtime) VALUES ('102902', '0902869916', 'Уплотнительное кольцо круглого сечения', 'шт', 1, 16.67, 17);
INSERT INTO productdata (ordernum, article, descr, units, amount, price, leadtime) VALUES ('102902', '0900060272', 'Уплотнительное кольцо круглого сечения', 'шт', 3, 1.2, 18);
INSERT INTO productdata (ordernum, article, descr, units, amount, price, leadtime) VALUES ('102902', '0900060276', 'Уплотнительное кольцо круглого сечения', 'шт', 3, 1.75, 16);
INSERT INTO productdata (ordernum, article, descr, units, amount, price, leadtime) VALUES ('102902', '0901700385', 'Уплотнительное кольцо круглого сечения', 'шт', 4, 3.72, 11);
INSERT INTO productdata (ordernum, article, descr, units, amount, price, leadtime) VALUES ('102902', '0901844246', 'Уплотнительная шайба ', 'шт', 1, 28.94, 18);
INSERT INTO productdata (ordernum, article, descr, units, amount, price, leadtime) VALUES ('102902', '0901844320', 'Уплотнительная шайба ', 'шт', 2, 21.75, 13);
INSERT INTO productdata (ordernum, article, descr, units, amount, price, leadtime) VALUES ('102902', '0902730554', 'Уплотнительное кольцо круглого сечения', 'шт', 1, 0.91, 10);
INSERT INTO productdata (ordernum, article, descr, units, amount, price, leadtime) VALUES ('102902', '0902869928', 'Уплотнительное кольцо круглого сечения', 'шт', 2, 2.29, 13);
INSERT INTO productdata (ordernum, article, descr, units, amount, price, leadtime) VALUES ('102902', '0902869929', 'Уплотнительное кольцо круглого сечения', 'шт', 2, 1.01, 13);
INSERT INTO productdata (ordernum, article, descr, units, amount, price, leadtime) VALUES ('102902', '0903411727', 'Роликовый палец', 'шт', 1, 170.69, 17);
INSERT INTO productdata (ordernum, article, descr, units, amount, price, leadtime) VALUES ('102902', '0900942417', 'Уплотнение', 'шт', 2, 8.24, 9);
INSERT INTO productdata (ordernum, article, descr, units, amount, price, leadtime) VALUES ('102902', '0901700385', 'Уплотнительное кольцо круглого сечения', 'шт', 4, 3.72, 12);
INSERT INTO productdata (ordernum, article, descr, units, amount, price, leadtime) VALUES ('102902', '0901844246', 'Уплотнительная шайба ', 'шт', 2, 28.94, 16);
INSERT INTO productdata (ordernum, article, descr, units, amount, price, leadtime) VALUES ('102902', '0901844320', 'Уплотнительная шайба ', 'шт', 2, 21.75, 16);
INSERT INTO productdata (ordernum, article, descr, units, amount, price, leadtime) VALUES ('102902', '0902869928', 'Уплотнительное кольцо круглого сечения', 'шт', 2, 2.29, 18);
INSERT INTO productdata (ordernum, article, descr, units, amount, price, leadtime) VALUES ('102902', '0902869929', 'Уплотнительное кольцо круглого сечения', 'шт', 2, 1.01, 16);
INSERT INTO productdata (ordernum, article, descr, units, amount, price, leadtime) VALUES ('102902', '0903414543', 'Управляющая скоба', 'шт', 1, 334.4, 17);
INSERT INTO productdata (ordernum, article, descr, units, amount, price, leadtime) VALUES ('102902', '0901076003', 'Уплотнительное кольцо круглого сечения', 'шт', 1, 0.91, 16);
INSERT INTO productdata (ordernum, article, descr, units, amount, price, leadtime) VALUES ('102902', '0901595702', 'Уплотнительное кольцо круглого сечения', 'шт', 6, 4.78, 16);
INSERT INTO productdata (ordernum, article, descr, units, amount, price, leadtime) VALUES ('102902', '0901702194', 'Торцевое уплотнение ', 'шт', 1, 59.61, 8);
INSERT INTO productdata (ordernum, article, descr, units, amount, price, leadtime) VALUES ('102902', '0902617186', 'Уплотнительное кольцо круглого сечения', 'шт', 1, 44.99, 14);
INSERT INTO productdata (ordernum, article, descr, units, amount, price, leadtime) VALUES ('102902', '0902869929', 'Уплотнительное кольцо круглого сечения', 'шт', 6, 1.01, 18);
INSERT INTO productdata (ordernum, article, descr, units, amount, price, leadtime) VALUES ('102902', '0903478592', 'Манжетное уплотнение, симметричное', 'шт', 6, 26, 18);
INSERT INTO productdata (ordernum, article, descr, units, amount, price, leadtime) VALUES ('102902', '0901076003', 'Уплотнительное кольцо круглого сечения', 'шт', 4, 0.91, 10);
INSERT INTO productdata (ordernum, article, descr, units, amount, price, leadtime) VALUES ('102902', '0901595702', 'Уплотнительное кольцо круглого сечения', 'шт', 24, 4.78, 12);
INSERT INTO productdata (ordernum, article, descr, units, amount, price, leadtime) VALUES ('102902', '0901702194', 'Торцевое уплотнение ', 'шт', 4, 59.61, 6);
INSERT INTO productdata (ordernum, article, descr, units, amount, price, leadtime) VALUES ('102902', '0902617186', 'Уплотнительное кольцо круглого сечения', 'шт', 4, 44.99, 13);
INSERT INTO productdata (ordernum, article, descr, units, amount, price, leadtime) VALUES ('102902', '0902869929', 'Уплотнительное кольцо круглого сечения', 'шт', 24, 1.01, 9);
INSERT INTO productdata (ordernum, article, descr, units, amount, price, leadtime) VALUES ('102902', '0903478592', 'Манжетное уплотнение, симметричное', 'шт', 24, 26, 13);
INSERT INTO productdata (ordernum, article, descr, units, amount, price, leadtime) VALUES ('102902', '0901774602', 'Уплотнительное кольцо круглого сечения', 'шт', 16, 3.69, 15);
INSERT INTO productdata (ordernum, article, descr, units, amount, price, leadtime) VALUES ('102902', '0901844322', 'Уплотнительная шайба ', 'шт', 16, 24.05, 10);
INSERT INTO productdata (ordernum, article, descr, units, amount, price, leadtime) VALUES ('102902', '0902702723', 'Уплотнительное кольцо круглого сечения', 'шт', 4, 30.32, 9);
INSERT INTO productdata (ordernum, article, descr, units, amount, price, leadtime) VALUES ('102902', '0902869916', 'Уплотнительное кольцо круглого сечения', 'шт', 2, 16.67, 7);
INSERT INTO productdata (ordernum, article, descr, units, amount, price, leadtime) VALUES ('102902', '0900060272', 'Уплотнительное кольцо круглого сечения', 'шт', 6, 1.2, 13);
INSERT INTO productdata (ordernum, article, descr, units, amount, price, leadtime) VALUES ('102902', '0902869929', 'Уплотнительное кольцо круглого сечения', 'шт', 6, 1.01, 17);
INSERT INTO productdata (ordernum, article, descr, units, amount, price, leadtime) VALUES ('102902', '0900942417', 'Уплотнение', 'шт', 10, 8.24, 14);
INSERT INTO productdata (ordernum, article, descr, units, amount, price, leadtime) VALUES ('102902', '0901700385', 'Уплотнительное кольцо круглого сечения', 'шт', 20, 3.72, 6);
INSERT INTO productdata (ordernum, article, descr, units, amount, price, leadtime) VALUES ('102902', '0901844246', 'Уплотнительная шайба ', 'шт', 10, 28.94, 13);
INSERT INTO productdata (ordernum, article, descr, units, amount, price, leadtime) VALUES ('102902', '0901844320', 'Уплотнительная шайба ', 'шт', 10, 21.75, 16);
INSERT INTO productdata (ordernum, article, descr, units, amount, price, leadtime) VALUES ('102902', '0902869928', 'Уплотнительное кольцо круглого сечения', 'шт', 10, 2.29, 8);
INSERT INTO productdata (ordernum, article, descr, units, amount, price, leadtime) VALUES ('102902', '0902869929', 'Уплотнительное кольцо круглого сечения', 'шт', 10, 1.01, 16);
INSERT INTO productdata (ordernum, article, descr, units, amount, price, leadtime) VALUES ('102902', '0903414543', 'Управляющая скоба', 'шт', 5, 334.4, 6);
INSERT INTO productdata (ordernum, article, descr, units, amount, price, leadtime) VALUES ('102902', '0901700385', 'Уплотнительное кольцо круглого сечения', 'шт', 20, 3.72, 14);
INSERT INTO productdata (ordernum, article, descr, units, amount, price, leadtime) VALUES ('102902', '0901844246', 'Уплотнительная шайба ', 'шт', 5, 28.94, 11);
INSERT INTO productdata (ordernum, article, descr, units, amount, price, leadtime) VALUES ('102902', '0901844320', 'Уплотнительная шайба ', 'шт', 10, 21.75, 18);
INSERT INTO productdata (ordernum, article, descr, units, amount, price, leadtime) VALUES ('102902', '0902730554', 'Уплотнительное кольцо круглого сечения', 'шт', 5, 0.91, 13);
INSERT INTO productdata (ordernum, article, descr, units, amount, price, leadtime) VALUES ('102902', '0902869928', 'Уплотнительное кольцо круглого сечения', 'шт', 10, 2.29, 18);
INSERT INTO productdata (ordernum, article, descr, units, amount, price, leadtime) VALUES ('102902', '0902869929', 'Уплотнительное кольцо круглого сечения', 'шт', 10, 1.01, 7);
INSERT INTO productdata (ordernum, article, descr, units, amount, price, leadtime) VALUES ('102902', '0903411727', 'Роликовый палец', 'шт', 5, 170.69, 16);
INSERT INTO productdata (ordernum, article, descr, units, amount, price, leadtime) VALUES ('102902', '0174000901', 'Муфта зажимная', 'шт', 3, 177.43, 17);
INSERT INTO productdata (ordernum, article, descr, units, amount, price, leadtime) VALUES ('102902', '0901774602', 'Уплотнительное кольцо круглого сечения', 'шт', 24, 3.69, 7);
INSERT INTO productdata (ordernum, article, descr, units, amount, price, leadtime) VALUES ('102902', '0901844322', 'Уплотнительная шайба ', 'шт', 24, 24.05, 12);
INSERT INTO productdata (ordernum, article, descr, units, amount, price, leadtime) VALUES ('102902', '0902869499', 'Уплотнительное кольцо круглого сечения', 'шт', 6, 23.61, 8);
INSERT INTO productdata (ordernum, article, descr, units, amount, price, leadtime) VALUES ('102902', '0905563726', 'Радиальный шарикоподшипник ', 'шт', 6, 765.45, 14);
INSERT INTO productdata (ordernum, article, descr, units, amount, price, leadtime) VALUES ('102902', 'CA55250064', 'Стопорное кольцо', 'шт', 3, 41.61, 8);
INSERT INTO productdata (ordernum, article, descr, units, amount, price, leadtime) VALUES ('102902', '0901595675', 'Уплотнительное кольцо круглого сечения', 'шт', 3, 4.21, 6);
INSERT INTO productdata (ordernum, article, descr, units, amount, price, leadtime) VALUES ('102902', '0901844320', 'Уплотнительная шайба', 'шт', 3, 21.75, 8);
INSERT INTO productdata (ordernum, article, descr, units, amount, price, leadtime) VALUES ('102902', '0902702723', 'Уплотнительное кольцо круглого сечения', 'шт', 2, 30.32, 16);
INSERT INTO productdata (ordernum, article, descr, units, amount, price, leadtime) VALUES ('102902', '0902869916', 'Уплотнительное кольцо круглого сечения', 'шт', 1, 16.67, 14);
INSERT INTO productdata (ordernum, article, descr, units, amount, price, leadtime) VALUES ('102902', '0900060272', 'Уплотнительное кольцо круглого сечения', 'шт', 3, 1.2, 10);
INSERT INTO productdata (ordernum, article, descr, units, amount, price, leadtime) VALUES ('102902', '0902869929', 'Уплотнительное кольцо круглого сечения', 'шт', 3, 1.01, 17);
INSERT INTO productdata (ordernum, article, descr, units, amount, price, leadtime) VALUES ('102902', '0162200121', 'Уплотнительное кольцо круглого сечения', 'шт', 1, 1.49, 15);
INSERT INTO productdata (ordernum, article, descr, units, amount, price, leadtime) VALUES ('102902', '0900027513', 'Уплотнительное кольцо круглого сечения', 'шт', 1, 1.9, 12);
INSERT INTO productdata (ordernum, article, descr, units, amount, price, leadtime) VALUES ('102902', '0900048054', 'Уплотнительное кольцо круглого сечения', 'шт', 16, 1.2, 10);
INSERT INTO productdata (ordernum, article, descr, units, amount, price, leadtime) VALUES ('102902', '0900060129', 'Уплотнительное кольцо круглого сечения', 'шт', 7, 2.66, 16);
INSERT INTO productdata (ordernum, article, descr, units, amount, price, leadtime) VALUES ('102902', '0900060276', 'Уплотнительное кольцо круглого сечения', 'шт', 1, 1.75, 7);
INSERT INTO productdata (ordernum, article, descr, units, amount, price, leadtime) VALUES ('102902', '0900060300', 'Уплотнительное кольцо круглого сечения', 'шт', 2, 1.49, 16);
INSERT INTO productdata (ordernum, article, descr, units, amount, price, leadtime) VALUES ('102902', '0900790958', 'Уплотнительное кольцо круглого сечения', 'шт', 2, 1.48, 7);
INSERT INTO productdata (ordernum, article, descr, units, amount, price, leadtime) VALUES ('102902', '0901179938', 'Уплотнительное кольцо круглого сечения', 'шт', 2, 27.08, 13);
INSERT INTO productdata (ordernum, article, descr, units, amount, price, leadtime) VALUES ('102902', '0901646426', 'Уплотнительное кольцо круглого сечения', 'шт', 2, 4.65, 12);
INSERT INTO productdata (ordernum, article, descr, units, amount, price, leadtime) VALUES ('102902', '0902388369', 'Уплотнительное кольцо круглого сечения', 'шт', 2, 69.85, 6);
INSERT INTO productdata (ordernum, article, descr, units, amount, price, leadtime) VALUES ('102902', '0902607437', 'Уплотнительное кольцо круглого сечения', 'шт', 13, 1.01, 11);
INSERT INTO productdata (ordernum, article, descr, units, amount, price, leadtime) VALUES ('102902', '0905614887', 'Уплотнение ', 'шт', 2, 172.28, 9);
INSERT INTO productdata (ordernum, article, descr, units, amount, price, leadtime) VALUES ('102902', '0900918513', 'Пpoфильнoe уплoтнeниe ', 'шт', 4, 15.45, 12);
INSERT INTO productdata (ordernum, article, descr, units, amount, price, leadtime) VALUES ('102902', '0905616759', 'Уплотнение ', 'шт', 2, 240.68, 13);
INSERT INTO productdata (ordernum, article, descr, units, amount, price, leadtime) VALUES ('102902', '0900918513', 'Пpoфильнoe уплoтнeниe ', 'шт', 4, 15.45, 14);
INSERT INTO productdata (ordernum, article, descr, units, amount, price, leadtime) VALUES ('102902', '0905616759', 'Уплотнение ', 'шт', 2, 240.68, 12);
INSERT INTO productdata (ordernum, article, descr, units, amount, price, leadtime) VALUES ('102902', '0905617485', 'Уплотнение ', 'шт', 2, 50.38, 6);
INSERT INTO productdata (ordernum, article, descr, units, amount, price, leadtime) VALUES ('102902', '0900027509', 'Уплотнительное кольцо круглого сечения', 'шт', 1, 4.99, 15);
INSERT INTO productdata (ordernum, article, descr, units, amount, price, leadtime) VALUES ('102902', '0901253106', 'Уплотнительное кольцо круглого сечения', 'шт', 1, 9.62, 16);
INSERT INTO productdata (ordernum, article, descr, units, amount, price, leadtime) VALUES ('102902', '0903272596', 'Уплотнение профильное ', 'шт', 1, 161.02, 15);
INSERT INTO productdata (ordernum, article, descr, units, amount, price, leadtime) VALUES ('102902', '0905691467', 'Уплотнительное кольцо круглого сечения', 'шт', 2, 2.73, 13);
INSERT INTO productdata (ordernum, article, descr, units, amount, price, leadtime) VALUES ('102902', '0904075587', 'Oблицoвoчнaя шaйбa', 'шт', 2, 59.07, 18);
INSERT INTO productdata (ordernum, article, descr, units, amount, price, leadtime) VALUES ('102902', '0903272596', 'Уплотнение профильное ', 'шт', 2, 161.02, 18);
INSERT INTO productdata (ordernum, article, descr, units, amount, price, leadtime) VALUES ('102902', '0900104284', 'Устройство доступа в асептическую линию', 'шт', 1, 459.11, 16);
INSERT INTO productdata (ordernum, article, descr, units, amount, price, leadtime) VALUES ('102902', '0901733089', 'Уплотнительное кольцо ', 'шт', 1, 50.45, 6);
INSERT INTO productdata (ordernum, article, descr, units, amount, price, leadtime) VALUES ('102902', '0904971931', 'Плоское уплотнение ', 'шт', 1, 127.56, 8);
INSERT INTO productdata (ordernum, article, descr, units, amount, price, leadtime) VALUES ('102902', '0905691467', 'Уплотнительное кольцо круглого сечения', 'шт', 2, 2.73, 15);
INSERT INTO productdata (ordernum, article, descr, units, amount, price, leadtime) VALUES ('102902', '0904075587', 'Oблицoвoчнaя шaйбa', 'шт', 2, 59.07, 11);
INSERT INTO productdata (ordernum, article, descr, units, amount, price, leadtime) VALUES ('102902', '0903271966', 'Уплoтнение', 'шт', 1, 178.08, 6);
INSERT INTO productdata (ordernum, article, descr, units, amount, price, leadtime) VALUES ('102902', '0903272591', 'Уплотнение профильное ', 'шт', 1, 177.01, 13);
INSERT INTO productdata (ordernum, article, descr, units, amount, price, leadtime) VALUES ('102902', '0903272591', 'Уплотнение профильное ', 'шт', 1, 177.01, 12);
INSERT INTO productdata (ordernum, article, descr, units, amount, price, leadtime) VALUES ('102902', '0903271966', 'Уплoтнение', 'шт', 1, 178.08, 7);
INSERT INTO productdata (ordernum, article, descr, units, amount, price, leadtime) VALUES ('102902', '0903272591', 'Уплотнение профильное ', 'шт', 1, 177.01, 9);
INSERT INTO productdata (ordernum, article, descr, units, amount, price, leadtime) VALUES ('102902', '0900027506', 'Уплотнительное кольцо круглого сечения', 'шт', 3, 2.31, 13);
INSERT INTO productdata (ordernum, article, descr, units, amount, price, leadtime) VALUES ('102902', '0900060288', 'Уплотнительное кольцо круглого сечения', 'шт', 1, 2.01, 7);
INSERT INTO productdata (ordernum, article, descr, units, amount, price, leadtime) VALUES ('102902', '0902862783', 'Уплотнительное кольцо круглого сечения', 'шт', 6, 10.8, 10);
INSERT INTO productdata (ordernum, article, descr, units, amount, price, leadtime) VALUES ('102902', '0901817796', 'Уплoтнение', 'шт', 1, 86.17, 13);
INSERT INTO productdata (ordernum, article, descr, units, amount, price, leadtime) VALUES ('102902', '0900200274', 'Уплотнительное кольцо круглого сечения', 'шт', 1, 2.5, 6);
INSERT INTO productdata (ordernum, article, descr, units, amount, price, leadtime) VALUES ('102902', '0023700637', 'Уплотнение', 'шт', 3, 7.55, 11);
INSERT INTO productdata (ordernum, article, descr, units, amount, price, leadtime) VALUES ('102902', '0900060267', 'Уплотнительное кольцо круглого сечения', 'шт', 1, 6.3, 8);
INSERT INTO productdata (ordernum, article, descr, units, amount, price, leadtime) VALUES ('102902', '0900027849', 'Уплотнительное кольцо круглого сечения', 'шт', 7, 27.26, 13);
INSERT INTO productdata (ordernum, article, descr, units, amount, price, leadtime) VALUES ('102902', '0901227486', 'Уплотнительное кольцо круглого сечения', 'шт', 6, 52.58, 13);
INSERT INTO productdata (ordernum, article, descr, units, amount, price, leadtime) VALUES ('102902', '0901866967', 'Уплотнительное кольцо круглого сечения', 'шт', 1, 108.77, 11);
INSERT INTO productdata (ordernum, article, descr, units, amount, price, leadtime) VALUES ('102902', '0901227486', 'Уплотнительное кольцо круглого сечения', 'шт', 4, 52.58, 9);
INSERT INTO productdata (ordernum, article, descr, units, amount, price, leadtime) VALUES ('102902', '0901836950', 'Уплотнительное кольцо круглого сечения', 'шт', 2, 65.61, 10);
INSERT INTO productdata (ordernum, article, descr, units, amount, price, leadtime) VALUES ('102902', '0900060288', 'Уплотнительное кольцо круглого сечения', 'шт', 1, 2.01, 16);
INSERT INTO productdata (ordernum, article, descr, units, amount, price, leadtime) VALUES ('102902', '0951606002', 'Уплотнение фланца ', 'шт', 2, 5.31, 16);
INSERT INTO productdata (ordernum, article, descr, units, amount, price, leadtime) VALUES ('102902', '0951606004', 'Уплотнение фланца ', 'шт', 3, 8.53, 7);
INSERT INTO productdata (ordernum, article, descr, units, amount, price, leadtime) VALUES ('102902', '0901106998', 'Комплект уплотнений', 'шт', 1, 13.18, 15);
INSERT INTO productdata (ordernum, article, descr, units, amount, price, leadtime) VALUES ('102902', '0900060267', 'Уплотнительное кольцо круглого сечения', 'шт', 4, 6.3, 11);
INSERT INTO productdata (ordernum, article, descr, units, amount, price, leadtime) VALUES ('102902', '0901227486', 'Уплотнительное кольцо круглого сечения', 'шт', 4, 52.58, 8);
INSERT INTO productdata (ordernum, article, descr, units, amount, price, leadtime) VALUES ('102902', '0901283348', 'Уплотнительное кольцо круглого сечения', 'шт', 1, 30.67, 9);
INSERT INTO productdata (ordernum, article, descr, units, amount, price, leadtime) VALUES ('102902', '0901418906', 'Уплотнительное кольцо круглого сечения', 'шт', 2, 132.07, 16);
INSERT INTO productdata (ordernum, article, descr, units, amount, price, leadtime) VALUES ('102902', '0901866967', 'Уплотнительное кольцо круглого сечения', 'шт', 2, 108.77, 11);
INSERT INTO productdata (ordernum, article, descr, units, amount, price, leadtime) VALUES ('102902', '0902236344', 'Уплотнительное кольцо круглого сечения', 'шт', 1, 70.74, 15);
INSERT INTO productdata (ordernum, article, descr, units, amount, price, leadtime) VALUES ('102902', '0900901257', 'Уплотнительное кольцо круглого сечения', 'шт', 3, 36.1, 15);
INSERT INTO productdata (ordernum, article, descr, units, amount, price, leadtime) VALUES ('102902', '0901418906', 'Уплотнительное кольцо круглого сечения', 'шт', 1, 132.07, 16);
INSERT INTO productdata (ordernum, article, descr, units, amount, price, leadtime) VALUES ('102902', '0901836950', 'Уплотнительное кольцо круглого сечения', 'шт', 1, 65.61, 17);
INSERT INTO productdata (ordernum, article, descr, units, amount, price, leadtime) VALUES ('102902', '0901866967', 'Уплотнительное кольцо круглого сечения', 'шт', 2, 108.77, 9);
INSERT INTO productdata (ordernum, article, descr, units, amount, price, leadtime) VALUES ('102902', '0903425814', 'Уплотнительное кольцо круглого сечения', 'шт', 3, 42.27, 13);
INSERT INTO productdata (ordernum, article, descr, units, amount, price, leadtime) VALUES ('102902', '0904544733', 'Уплотнение ', 'шт', 2, 76.62, 10);
INSERT INTO productdata (ordernum, article, descr, units, amount, price, leadtime) VALUES ('102902', '0904610652', 'Уплотнение ', 'шт', 2, 69.25, 12);
INSERT INTO productdata (ordernum, article, descr, units, amount, price, leadtime) VALUES ('102902', '0904610653', 'Уплотнение ', 'шт', 2, 52.2, 10);
INSERT INTO productdata (ordernum, article, descr, units, amount, price, leadtime) VALUES ('102902', '0904610663', 'Уплотнение ', 'шт', 1, 73.76, 14);
INSERT INTO productdata (ordernum, article, descr, units, amount, price, leadtime) VALUES ('102902', '0905605501', 'Уплотнение ', 'шт', 2, 39.64, 10);
INSERT INTO productdata (ordernum, article, descr, units, amount, price, leadtime) VALUES ('102902', '0905577338', 'Уплотнение', 'шт', 1, 78.18, 15);
INSERT INTO productdata (ordernum, article, descr, units, amount, price, leadtime) VALUES ('102902', '0904544733', 'Уплотнение ', 'шт', 4, 76.62, 10);
INSERT INTO productdata (ordernum, article, descr, units, amount, price, leadtime) VALUES ('102902', '0904610651', 'Уплотнение ', 'шт', 2, 18.75, 17);
INSERT INTO productdata (ordernum, article, descr, units, amount, price, leadtime) VALUES ('102902', '0905605501', 'Уплотнение ', 'шт', 2, 39.64, 7);
INSERT INTO productdata (ordernum, article, descr, units, amount, price, leadtime) VALUES ('102902', '0906755110', 'Сменный картридж', 'шт', 2, 128.03, 6);
INSERT INTO productdata (ordernum, article, descr, units, amount, price, leadtime) VALUES ('102902', '0906245528', 'Воздушный фильтр', 'шт', 2, 1449.96, 8);
INSERT INTO productdata (ordernum, article, descr, units, amount, price, leadtime) VALUES ('102902', '0904071867', 'Воздушный фильтр', 'шт', 2, 1012.27, 11);
INSERT INTO productdata (ordernum, article, descr, units, amount, price, leadtime) VALUES ('102902', '0905244130', 'Уплотнение ', 'шт', 4, 26, 11);
INSERT INTO productdata (ordernum, article, descr, units, amount, price, leadtime) VALUES ('102902', '0905244136', 'Уплотнение ', 'шт', 4, 27.2, 16);
INSERT INTO productdata (ordernum, article, descr, units, amount, price, leadtime) VALUES ('102902', '0905624745', 'Воздушный фильтр', 'шт', 2, 287.23, 17);
INSERT INTO productdata (ordernum, article, descr, units, amount, price, leadtime) VALUES ('102902', '0904539329', 'Уплотнение ', 'шт', 2, 61.17, 10);
INSERT INTO productdata (ordernum, article, descr, units, amount, price, leadtime) VALUES ('102902', '0904594114', 'Уплотнение ', 'шт', 4, 76, 11);
INSERT INTO productdata (ordernum, article, descr, units, amount, price, leadtime) VALUES ('102902', '0904594117', 'Уплотнение ', 'шт', 2, 59.66, 14);
INSERT INTO productdata (ordernum, article, descr, units, amount, price, leadtime) VALUES ('102902', '0905661030', 'Уплотнение', 'шт', 1, 99.53, 12);
INSERT INTO productdata (ordernum, article, descr, units, amount, price, leadtime) VALUES ('102902', '0905739056', 'Уплотнение', 'шт', 1, 92.19, 17);
INSERT INTO productdata (ordernum, article, descr, units, amount, price, leadtime) VALUES ('102902', '0906622520', 'Уплотнение', 'шт', 1, 103.06, 10);
INSERT INTO productdata (ordernum, article, descr, units, amount, price, leadtime) VALUES ('102902', '0906632468', 'Уплотнение', 'шт', 1, 108.51, 10);
INSERT INTO productdata (ordernum, article, descr, units, amount, price, leadtime) VALUES ('102902', '0906748875', 'Уплотнение', 'шт', 1, 90.45, 8);
INSERT INTO productdata (ordernum, article, descr, units, amount, price, leadtime) VALUES ('102902', '0951606001', 'Уплотнение фланца ', 'шт', 8, 4.87, 7);
INSERT INTO productdata (ordernum, article, descr, units, amount, price, leadtime) VALUES ('102902', '0951606010', 'Уплотнение фланца ', 'шт', 2, 3.57, 10);
INSERT INTO productdata (ordernum, article, descr, units, amount, price, leadtime) VALUES ('102902', 'CA40200089', 'Обратный клапан', 'шт', 1, 88.89, 6);
INSERT INTO productdata (ordernum, article, descr, units, amount, price, leadtime) VALUES ('102902', 'CA40200089', 'Обратный клапан', 'шт', 1, 88.89, 11);
INSERT INTO productdata (ordernum, article, descr, units, amount, price, leadtime) VALUES ('102902', '0901106998', 'Комплект уплотнений', 'шт', 1, 13.18, 15);
INSERT INTO productdata (ordernum, article, descr, units, amount, price, leadtime) VALUES ('102902', '0901106998', 'Комплект уплотнений', 'шт', 1, 13.18, 7);
INSERT INTO productdata (ordernum, article, descr, units, amount, price, leadtime) VALUES ('102902', '0902216799', 'Экcплуaтaционнaя оcнacткa клaпaнa', 'шт', 1, 788.63, 6);
INSERT INTO productdata (ordernum, article, descr, units, amount, price, leadtime) VALUES ('102902', '0902216799', 'Экcплуaтaционнaя оcнacткa клaпaнa', 'шт', 1, 788.63, 16);
INSERT INTO productdata (ordernum, article, descr, units, amount, price, leadtime) VALUES ('102902', '0905883078', 'Пластичная смазка', 'шт', 2, 148.5, 17);
INSERT INTO productdata (ordernum, article, descr, units, amount, price, leadtime) VALUES ('102902', '0023700627', 'Уплотнение ', 'шт', 1, 5.44, 6);
INSERT INTO productdata (ordernum, article, descr, units, amount, price, leadtime) VALUES ('102902', '0023700647', 'Уплотнение ', 'шт', 1, 7.08, 10);
INSERT INTO productdata (ordernum, article, descr, units, amount, price, leadtime) VALUES ('102902', '0162200842', 'Уплотнительное кольцо круглого сечения', 'шт', 1, 0.62, 8);
INSERT INTO productdata (ordernum, article, descr, units, amount, price, leadtime) VALUES ('102902', '0162202912', 'Уплотнительное кольцо круглого сечения', 'шт', 1, 0.8, 10);
INSERT INTO productdata (ordernum, article, descr, units, amount, price, leadtime) VALUES ('102902', '0900060260', 'Уплотнительное кольцо круглого сечения', 'шт', 1, 4.39, 10);
INSERT INTO productdata (ordernum, article, descr, units, amount, price, leadtime) VALUES ('102902', '0900093613', 'Уплотнительное кольцо круглого сечения', 'шт', 1, 4.01, 18);
INSERT INTO productdata (ordernum, article, descr, units, amount, price, leadtime) VALUES ('102902', '0901322956', 'Уплотнительное кольцо круглого сечения', 'шт', 1, 1.09, 10);
INSERT INTO productdata (ordernum, article, descr, units, amount, price, leadtime) VALUES ('102902', '0901375544', 'Уплотнительное кольцо круглого сечения', 'шт', 1, 35.74, 10);
INSERT INTO productdata (ordernum, article, descr, units, amount, price, leadtime) VALUES ('102902', '0901422222', 'Уплотнительное кольцо круглого сечения', 'шт', 1, 212.84, 6);
INSERT INTO productdata (ordernum, article, descr, units, amount, price, leadtime) VALUES ('102902', '0023700617', 'Уплотнение ', 'шт', 1, 5.49, 7);
INSERT INTO productdata (ordernum, article, descr, units, amount, price, leadtime) VALUES ('102902', '0901322956', 'Уплотнительное кольцо круглого сечения', 'шт', 1, 1.09, 17);
INSERT INTO productdata (ordernum, article, descr, units, amount, price, leadtime) VALUES ('102902', '0903977745', 'Уплотнительное кольцо круглого сечения', 'шт', 1, 18.44, 6);
INSERT INTO productdata (ordernum, article, descr, units, amount, price, leadtime) VALUES ('102902', '0951622018', 'Уплотнительное кольцо круглого сечения', 'шт', 1, 3.46, 9);
INSERT INTO productdata (ordernum, article, descr, units, amount, price, leadtime) VALUES ('102902', '0903425843', 'Комплект уплотнений ', 'шт', 1, 138.28, 9);
INSERT INTO productdata (ordernum, article, descr, units, amount, price, leadtime) VALUES ('102902', '0906037570', 'Комплект уплотнений', 'шт', 1, 182.19, 13);
INSERT INTO productdata (ordernum, article, descr, units, amount, price, leadtime) VALUES ('102902', '0906018557', 'Комплект уплотнений', 'шт', 1, 530.5, 14);
INSERT INTO productdata (ordernum, article, descr, units, amount, price, leadtime) VALUES ('102902', '0023700617', 'Уплотнение ', 'шт', 2, 5.49, 16);
INSERT INTO productdata (ordernum, article, descr, units, amount, price, leadtime) VALUES ('102902', '0901796656', 'Уплотнение клапана ', 'шт', 1, 25.33, 14);
INSERT INTO productdata (ordernum, article, descr, units, amount, price, leadtime) VALUES ('102902', '0902541356', 'Поршневое кольцо скольжения', 'шт', 2, 4.89, 10);
INSERT INTO productdata (ordernum, article, descr, units, amount, price, leadtime) VALUES ('102902', '0023700617', 'Уплотнение ', 'шт', 2, 5.49, 13);
INSERT INTO productdata (ordernum, article, descr, units, amount, price, leadtime) VALUES ('102902', '0901796656', 'Уплотнение клапана ', 'шт', 1, 25.33, 9);
INSERT INTO productdata (ordernum, article, descr, units, amount, price, leadtime) VALUES ('102902', '0902541356', 'Поршневое кольцо скольжения', 'шт', 2, 4.89, 10);
INSERT INTO productdata (ordernum, article, descr, units, amount, price, leadtime) VALUES ('102902', '0906037570', 'Комплект уплотнений', 'шт', 1, 182.19, 12);
INSERT INTO productdata (ordernum, article, descr, units, amount, price, leadtime) VALUES ('102902', '0906018557', 'Комплект уплотнений', 'шт', 1, 530.5, 7);
INSERT INTO productdata (ordernum, article, descr, units, amount, price, leadtime) VALUES ('102902', '0023700617', 'Уплотнение ', 'шт', 2, 5.49, 17);
INSERT INTO productdata (ordernum, article, descr, units, amount, price, leadtime) VALUES ('102902', '0901796656', 'Уплотнение клапана ', 'шт', 1, 25.33, 9);
INSERT INTO productdata (ordernum, article, descr, units, amount, price, leadtime) VALUES ('102902', '0902541356', 'Поршневое кольцо скольжения', 'шт', 2, 4.89, 10);
INSERT INTO productdata (ordernum, article, descr, units, amount, price, leadtime) VALUES ('102902', '0903425843', 'Комплект уплотнений ', 'шт', 1, 138.28, 15);
INSERT INTO productdata (ordernum, article, descr, units, amount, price, leadtime) VALUES ('102902', '0905104976', 'Набор изнашивающихся деталей', 'шт', 1, 75.14, 8);
INSERT INTO productdata (ordernum, article, descr, units, amount, price, leadtime) VALUES ('102902', '0900027505', 'Уплотнительное кольцо круглого сечения', 'шт', 1, 2.26, 16);
INSERT INTO productdata (ordernum, article, descr, units, amount, price, leadtime) VALUES ('102902', '0903977745', 'Уплотнительное кольцо круглого сечения', 'шт', 3, 18.44, 7);
INSERT INTO productdata (ordernum, article, descr, units, amount, price, leadtime) VALUES ('102902', '0951622018', 'Уплотнительное кольцо круглого сечения', 'шт', 1, 3.46, 11);
INSERT INTO productdata (ordernum, article, descr, units, amount, price, leadtime) VALUES ('102902', '0902567649', 'Металлический сильфон', 'шт', 1, 632.01, 17);
INSERT INTO productdata (ordernum, article, descr, units, amount, price, leadtime) VALUES ('102902', '0903426052', 'Комплект уплотнений ', 'шт', 1, 105.17, 15);
INSERT INTO productdata (ordernum, article, descr, units, amount, price, leadtime) VALUES ('102902', '0023700657', 'Уплотнение ', 'шт', 1, 11.23, 14);
INSERT INTO productdata (ordernum, article, descr, units, amount, price, leadtime) VALUES ('102902', '0023700607', 'Уплотнение ', 'шт', 5, 5.38, 8);
INSERT INTO productdata (ordernum, article, descr, units, amount, price, leadtime) VALUES ('102902', '0023700607', 'Уплотнение ', 'шт', 2, 5.38, 14);
INSERT INTO productdata (ordernum, article, descr, units, amount, price, leadtime) VALUES ('102902', '0901796651', 'Уплотнение клапана ', 'шт', 1, 21.43, 17);
INSERT INTO productdata (ordernum, article, descr, units, amount, price, leadtime) VALUES ('102902', '0902541356', 'Поршневое кольцо скольжения', 'шт', 2, 4.89, 10);
INSERT INTO productdata (ordernum, article, descr, units, amount, price, leadtime) VALUES ('102902', '0902786221', 'Подшипник скольжения ', 'шт', 2, 17.32, 12);
INSERT INTO productdata (ordernum, article, descr, units, amount, price, leadtime) VALUES ('102902', '0903425799', 'Комплект уплотнений ', 'шт', 1, 101.27, 15);
INSERT INTO productdata (ordernum, article, descr, units, amount, price, leadtime) VALUES ('102902', '0023700607', 'Уплотнение ', 'шт', 2, 5.38, 11);
INSERT INTO productdata (ordernum, article, descr, units, amount, price, leadtime) VALUES ('102902', '0901796651', 'Уплотнение клапана ', 'шт', 1, 21.43, 9);
INSERT INTO productdata (ordernum, article, descr, units, amount, price, leadtime) VALUES ('102902', '0902541356', 'Поршневое кольцо скольжения', 'шт', 2, 4.89, 10);
INSERT INTO productdata (ordernum, article, descr, units, amount, price, leadtime) VALUES ('102902', '0023700607', 'Уплотнение ', 'шт', 2, 5.38, 12);
INSERT INTO productdata (ordernum, article, descr, units, amount, price, leadtime) VALUES ('102902', '0901796651', 'Уплотнение клапана ', 'шт', 1, 21.43, 9);
INSERT INTO productdata (ordernum, article, descr, units, amount, price, leadtime) VALUES ('102902', '0902541356', 'Поршневое кольцо скольжения', 'шт', 2, 4.89, 9);
INSERT INTO productdata (ordernum, article, descr, units, amount, price, leadtime) VALUES ('102902', '0902947328', 'Нажимная пружина', 'шт', 1, 43.22, 12);
INSERT INTO productdata (ordernum, article, descr, units, amount, price, leadtime) VALUES ('102902', '0905104744', 'Набор изнашивающихся деталей', 'шт', 1, 34.27, 13);
INSERT INTO productdata (ordernum, article, descr, units, amount, price, leadtime) VALUES ('102902', '0900175808', 'Ремонтный комплект', 'шт', 1, 390.24, 7);
INSERT INTO productdata (ordernum, article, descr, units, amount, price, leadtime) VALUES ('102902', '0023700617', 'Уплотнение ', 'шт', 1, 5.49, 9);
INSERT INTO productdata (ordernum, article, descr, units, amount, price, leadtime) VALUES ('102902', '0900047034', 'Уплотнительное кольцо круглого сечения', 'шт', 2, 3.12, 8);
INSERT INTO productdata (ordernum, article, descr, units, amount, price, leadtime) VALUES ('102902', '0900060247', 'Уплотнительное кольцо круглого сечения', 'шт', 2, 3.79, 7);
INSERT INTO productdata (ordernum, article, descr, units, amount, price, leadtime) VALUES ('102902', '0905444102', 'Уплотнительное кольцо круглого сечения', 'шт', 2, 11.29, 18);
INSERT INTO productdata (ordernum, article, descr, units, amount, price, leadtime) VALUES ('102902', '0951606002', 'Уплотнение фланца ', 'шт', 2, 5.31, 14);
